Timestamp,RSSI
1790360742.4529486,-77
1790360742.4946644,-71
1790360742.498137,-71
1790360742.5395184,-75
1790360742.5435033,-75
1790360742.5857975,-78
1790360742.5880473,-78
1790360742.6287856,-80
1790360742.6741889,-80
1790360742.677409,-78
1790360742.7189972,-72
1790360742.724021,-72
1790360742.7662947,-74
1790360742.769681,-74
1790360742.808609,-77
1790360742.854284,-77
1790360742.861129,-79
1790360742.9001353,-78
1790360742.9026282,-78
1790360742.9435623,-73
1790360742.9460244,-73
1790360742.9899118,-72
1790360742.9930532,-72
1790360743.034577,-77
1790360743.079831,-80
1790360743.0821812,-80
1790360743.1254113,-78
1790360743.1305285,-78
1790360743.171631,-77
1790360743.1736357,-77
1790360743.21503,-72
1790360743.2584512,-76
1790360743.2622018,-76
1790360743.3048112,-78
1790360743.3084235,-78
1790360743.34857,-83
1790360743.352064,-83
1790360743.3935099,-77
1790360743.439062,-77
1790360743.442512,-71
1790360743.4836948,-72
1790360743.4885454,-72
1790360743.5287554,-74
1790360743.5315564,-74
1790360743.5738337,-75
1790360743.618575,-75
1790360743.62237,-80
1790360743.6635077,-79
1790360743.6663172,-79
1790360743.7084193,-70
1790360743.711801,-70
1790360743.7535462,-71
1790360743.7564316,-71
1790360743.8446603,-75
1790360743.8471808,-82
1790360743.8510466,-82
1790360743.8897521,-78
1790360743.8927958,-78
1790360743.9346983,-73
1790360743.9372113,-73
1790360743.9791775,-71
1790360744.0245783,-76
1790360744.0277367,-76
1790360744.0689304,-77
1790360744.071605,-77
1790360744.1162598,-78
1790360744.1203682,-78
1790360744.1585224,-73
1790360744.205097,-72
1790360744.2077897,-72
1790360744.2485087,-76
1790360744.2514772,-76
1790360744.2935805,-75
1790360744.2968132,-75
1790360744.341019,-77
1790360744.3853161,-77
1790360744.3901954,-72
1790360744.4290328,-69
1790360744.4311686,-69
1790360744.4753194,-74
1790360744.4766405,-74
1790360744.5205097,-75
1790360744.5637221,-75
1790360744.567775,-77
1790360744.608463,-74
1790360744.6111832,-74
1790360744.6536553,-70
1790360744.6582546,-70
1790360744.699372,-73
1790360744.7024577,-73
1790360744.7444973,-77
1790360744.7889347,-78
1790360744.791701,-78
1790360744.8344448,-75
1790360744.8382983,-75
1790360744.8791385,-70
1790360744.8828151,-70
1790360744.923483,-73
1790360744.9700127,-75
1790360744.9740424,-75
1790360745.0157378,-78
1790360745.0188434,-78
1790360745.0598028,-75
1790360745.0640876,-75
1790360745.1050413,-71
1790360745.1501045,-74
1790360745.1538317,-74
1790360745.1951957,-75
1790360745.200843,-75
1790360745.2392812,-76
1790360745.247429,-76
1790360745.2846148,-75
1790360745.3295279,-75
1790360745.3342085,-72
1790360745.375538,-70
1790360745.3794699,-70
1790360745.4184604,-73
1790360745.4220836,-73
1790360745.5085015,-77
1790360745.511962,-77
1790360745.513575,-77
1790360745.5564988,-76
1790360745.5598142,-76
1790360745.600743,-69
1790360745.6050692,-69
1790360745.6435127,-71
1790360745.6510954,-71
1790360745.6887665,-76
1790360745.7339203,-85
1790360745.740316,-85
1790360745.7787054,-77
1790360745.7814033,-77
1790360745.824155,-72
1790360745.8265972,-72
1790360745.9135637,-71
1790360745.916492,-77
1790360745.9191308,-77
1790360745.9585574,-79
1790360745.9620893,-79
1790360746.0039182,-81
1790360746.0076642,-81
1790360746.093869,-74
1790360746.0976255,-104
1790360746.1006544,-104
1790360746.1398637,-75
1790360746.1427224,-75
1790360746.228982,-77
1790360746.2317622,-77
1790360746.2345045,-111
1790360746.2379725,-111
1790360746.2752957,-75
1790360746.3203266,-69
1790360746.3244631,-69
1790360746.3648617,-74
1790360746.366869,-74
1790360746.4093657,-78
1790360746.4127705,-78
1790360746.454108,-84
1790360746.4989471,-77
1790360746.5019932,-77
1790360746.5444806,-70
1790360746.5470781,-70
1790360746.5892115,-73
1790360746.591383,-73
1790360746.6336577,-79
1790360746.6790872,-81
1790360746.681729,-81
1790360746.7245524,-77
1790360746.7283664,-77
1790360746.7686427,-70
1790360746.7714014,-70
1790360746.814201,-74
1790360746.8585806,-78
1790360746.8615236,-78
1790360746.9041476,-78
1790360746.907122,-78
1790360746.9491186,-77
1790360746.9540474,-77
1790360746.9934661,-71
1790360747.0389967,-71
1790360747.0414624,-72
1790360747.0838802,-76
1790360747.0871637,-76
1790360747.1292732,-79
1790360747.1319227,-79
1790360747.173853,-77
1790360747.220015,-77
1790360747.2236428,-79
1790360747.3085005,-72
1790360747.3127854,-72
1790360747.315912,-99
1790360747.318076,-99
1790360747.398393,-81
1790360747.4014356,-81
1790360747.4049401,-107
1790360747.4446967,-79
1790360747.4474018,-79
1790360747.488478,-70
1790360747.4917521,-70
1790360747.5345864,-72
1790360747.5372727,-72
1790360747.578544,-78
1790360747.624269,-77
1790360747.6275778,-77
1790360747.6690028,-77
1790360747.673945,-77
1790360747.7148895,-72
1790360747.7184048,-72
1790360747.7593243,-70
1790360747.8039417,-74
1790360747.8075094,-74
1790360747.8505528,-77
1790360747.8967838,-77
1790360747.8999877,-78
1790360747.9044766,-78
1790360747.9384503,-77
1790360748.0285776,-77
1790360748.031063,-69
1790360748.0335016,-88
1790360748.0372126,-88
1790360748.1202977,-77
1790360748.123176,-77
1790360748.1261044,-100
1790360748.1289988,-100
1790360748.1639009,-75
1790360748.2119548,-71
1790360748.2135987,-71
1790360748.2573802,-72
1790360748.2619603,-72
1790360748.3013215,-76
1790360748.302444,-76
1790360748.3440495,-80
1790360748.390198,-77
1790360748.3939345,-77
1790360748.4341822,-71
1790360748.4374304,-71
1790360748.479883,-72
1790360748.4828928,-72
1790360748.5234334,-76
1790360748.568425,-79
1790360748.5718453,-79
1790360748.6148758,-77
1790360748.6179845,-77
1790360748.6584916,-72
1790360748.6616106,-72
1790360748.7048686,-71
1790360748.7488708,-75
1790360748.753018,-75
1790360748.796102,-80
1790360748.797586,-80
1790360748.8390317,-78
1790360748.8415186,-78
1790360748.8836405,-79
1790360748.9290073,-79
1790360748.9310365,-71
1790360748.9734082,-75
1790360748.976025,-75
1790360749.020282,-79
1790360749.0229194,-79
1790360749.0650024,-78
1790360749.1085181,-78
1790360749.1112928,-77
1790360749.1549861,-70
1790360749.1579795,-70
1790360749.199712,-74
1790360749.2041154,-74
1790360749.2434795,-80
1790360749.247887,-80
1790360749.2897167,-76
1790360749.3350506,-77
1790360749.338415,-77
1790360749.381505,-71
1790360749.384711,-71
1790360749.4687445,-73
1790360749.4727337,-73
1790360749.4760044,-86
1790360749.513979,-77
1790360749.5168371,-77
1790360749.5584805,-77
1790360749.5615695,-77
1790360749.6037984,-72
1790360749.6078908,-72
1790360749.6494884,-70
1790360749.6934726,-76
1790360749.6979742,-76
1790360749.7385015,-79
1790360749.7425575,-79
1790360749.7846303,-78
1790360749.788376,-78
1790360749.8283844,-76
1790360749.919041,-76
1790360749.9221966,-69
1790360749.925005,-114
1790360749.9286149,-114
1790360749.9651914,-77
1790360749.968191,-77
1790360750.009471,-83
1790360750.0539625,-83
1790360750.0575204,-76
1790360750.0992699,-71
1790360750.1033866,-71
1790360750.143479,-72
1790360750.1478682,-72
1790360750.1904485,-74
1790360750.1920383,-74
1790360750.2374434,-80
1790360750.279402,-76
1790360750.282599,-76
1790360750.325174,-74
1790360750.3291926,-74
1790360750.3737118,-70
1790360750.3814921,-70
1790360750.4149432,-73
1790360750.4733474,-82
1790360750.4735076,-82
1790360750.5055132,-75
1790360750.5101185,-75
1790360750.5544875,-76
1790360750.5546575,-76
1790360750.5971544,-71
1790360750.6408606,-75
1790360750.6456969,-75
1790360750.6911833,-81
1790360750.691793,-81
1790360750.7341223,-76
1790360750.7378032,-76
1790360750.7769558,-77
1790360750.8224893,-77
1790360750.8247092,-71
1790360750.865165,-77
1790360750.8678784,-77
1790360750.9084735,-82
1790360750.9114578,-82
1790360750.9568996,-78
1790360751.0082438,-78
1790360751.0084107,-77
1790360751.0455313,-71
1790360751.050499,-71
1790360751.0893018,-74
1790360751.1335824,-74
1790360751.1368713,-82
1790360751.1396832,-82
1790360751.181269,-76
1790360751.2238576,-77
1790360751.2254887,-77
1790360751.2687147,-71
1790360751.2718377,-71
1790360751.3143127,-71
1790360751.316923,-71
1790360751.3587792,-79
1790360751.4039352,-76
1790360751.4068713,-76
1790360751.4492655,-76
1790360751.452993,-76
1790360751.4942489,-76
1790360751.4976604,-76
1790360751.538436,-70
1790360751.5840807,-76
1790360751.5878272,-76
1790360751.6286829,-79
1790360751.6317,-79
1790360751.6735978,-79
1790360751.6776488,-79
1790360751.7188585,-76
1790360751.7640893,-76
1790360751.7677336,-69
1790360751.8085196,-74
1790360751.8120408,-74
1790360751.8546393,-81
1790360751.857531,-81
1790360751.899105,-82
1790360751.9436798,-82
1790360751.947322,-76
1790360751.988489,-71
1790360751.9909556,-71
1790360752.0345929,-71
1790360752.0383015,-71
1790360752.0798266,-75
1790360752.083609,-75
1790360752.169178,-83
1790360752.1714423,-78
1790360752.1747193,-78
1790360752.2154007,-80
1790360752.2226307,-80
1790360752.259294,-72
1790360752.2648537,-72
1790360752.3041608,-77
1790360752.3503752,-81
1790360752.3528981,-81
1790360752.3953767,-80
1790360752.3984876,-80
1790360752.4395845,-81
1790360752.4424617,-81
1790360752.4837103,-71
1790360752.574673,-75
1790360752.576978,-75
1790360752.580164,-107
1790360752.583685,-107
1790360752.618671,-83
1790360752.6226346,-83
1790360752.6634734,-81
1790360752.7088528,-81
1790360752.7123492,-72
1790360752.7544868,-71
1790360752.7572713,-71
1790360752.7997437,-76
1790360752.8035448,-76
1790360752.8895128,-76
1790360752.8936424,-76
1790360752.8976705,-80
1790360752.934113,-72
1790360752.938427,-72
1790360752.9810686,-70
1790360752.98456,-70
1790360753.0245402,-76
1790360753.028131,-76
1790360753.0688064,-79
1790360753.1149945,-79
1790360753.1184878,-79
1790360753.1595776,-77
1790360753.1630769,-77
1790360753.2037902,-70
1790360753.2070186,-70
1790360753.2496293,-75
1790360753.2940834,-78
1790360753.2972977,-78
1790360753.3391724,-81
1790360753.3420317,-81
1790360753.3846781,-76
1790360753.389724,-76
1790360753.4296176,-69
1790360753.4738927,-72
1790360753.4766395,-72
1790360753.5199711,-76
1790360753.5220547,-76
1790360753.5645792,-76
1790360753.56916,-76
1790360753.6085627,-75
1790360753.6537812,-75
1790360753.6562824,-69
1790360753.698737,-68
1790360753.7021568,-68
1790360753.744259,-72
1790360753.7474716,-72
1790360753.7884216,-76
1790360753.8337142,-76
1790360753.8368123,-77
1790360753.8795712,-76
1790360753.8827698,-76
1790360753.923545,-71
1790360753.9261553,-71
1790360753.9701226,-73
1790360753.973416,-73
1790360754.0154498,-79
1790360754.05844,-79
1790360754.0620604,-79
1790360754.1040075,-80
1790360754.1068318,-80
1790360754.1485443,-72
1790360754.1518364,-72
1790360754.1949666,-75
1790360754.2394745,-79
1790360754.2432978,-79
1790360754.2835236,-78
1790360754.2874954,-78
1790360754.330132,-77
1790360754.3338358,-77
1790360754.373542,-69
1790360754.4188678,-69
1790360754.4221907,-69
1790360754.464496,-76
1790360754.4675856,-76
1790360754.5089684,-76
1790360754.513846,-76
1790360754.55458,-75
1790360754.5985405,-75
1790360754.6023824,-69
1790360754.6440306,-66
1790360754.6906142,-66
1790360754.6927094,-73
1790360754.6961343,-73
1790360754.7348886,-75
1790360754.7788396,-75
1790360754.7832904,-75
1790360754.8255563,-74
1790360754.830066,-74
1790360754.868993,-68
1790360754.8718262,-68
1790360754.9146554,-72
1790360754.9189732,-72
1790360754.9588742,-76
1790360755.0039966,-78
1790360755.0070283,-78
1790360755.0493164,-76
1790360755.0530329,-76
1790360755.0951326,-70
1790360755.1004689,-70
1790360755.139272,-76
1790360755.1837769,-76
1790360755.1873872,-76
1790360755.2292993,-77
1790360755.232948,-77
1790360755.273469,-76
1790360755.2771163,-76
1790360755.3189394,-70
1790360755.4096642,-70
1790360755.412526,-70
1790360755.4153755,-87
1790360755.4200127,-87
1790360755.454054,-77
1790360755.457884,-77
1790360755.499116,-75
1790360755.5447445,-75
1790360755.5481722,-76
1790360755.5895019,-68
1790360755.5923905,-68
1790360755.6347406,-74
1790360755.6385095,-74
1790360755.6790972,-79
1790360755.7249095,-79
1790360755.7299871,-78
1790360755.769963,-76
1790360755.7731757,-76
1790360755.814446,-68
1790360755.8178825,-68
1790360755.8598657,-73
1790360755.8643818,-73
1790360755.9036326,-79
1790360755.9484575,-78
1790360755.9516993,-78
1790360755.9950078,-78
1790360755.9980433,-78
1790360756.039576,-73
1790360756.0422583,-73
1790360756.1287732,-77
1790360756.1314034,-79
1790360756.1339884,-79
1790360756.1744206,-77
1790360756.2189171,-77
1790360756.2224777,-78
1790360756.2262623,-78
1790360756.263718,-71
1790360756.3087046,-70
1790360756.3114343,-70
1790360756.3544655,-76
1790360756.3575454,-76
1790360756.3984601,-78
1790360756.4020522,-78
1790360756.4445527,-78
1790360756.4885054,-78
1790360756.491619,-76
1790360756.5336318,-67
1790360756.5371983,-67
1790360756.5790174,-74
1790360756.58246,-74
1790360756.624529,-80
1790360756.6689715,-80
1790360756.67278,-80
1790360756.715828,-75
1790360756.7181175,-75
1790360756.759328,-68
1790360756.7616134,-68
1790360756.8045447,-72
1790360756.8083758,-72
1790360756.848407,-75
1790360756.8963132,-76
1790360756.8980024,-76
1790360756.9391665,-75
1790360756.941826,-75
1790360756.9835718,-70
1790360756.986667,-70
1790360757.0289416,-73
1790360757.0735667,-75
1790360757.0770857,-75
1790360757.1187305,-77
1790360757.1217315,-77
1790360757.1643987,-75
1790360757.1677158,-75
1790360757.2100658,-76
1790360757.254614,-73
1790360757.2574635,-73
1790360757.2985904,-76
1790360757.3027673,-76
1790360757.3435724,-79
1790360757.3465967,-79
1790360757.3887289,-78
1790360757.4340606,-78
1790360757.43749,-78
1790360757.481172,-71
1790360757.4860137,-71
1790360757.523512,-76
1790360757.527606,-76
1790360757.5688376,-81
1790360757.6149824,-81
1790360757.6176746,-78
1790360757.659195,-77
1790360757.6618207,-77
1790360757.7044353,-72
1790360757.7069128,-72
1790360757.7484782,-76
1790360757.7518117,-76
1790360757.794088,-79
1790360757.8401415,-77
1790360757.8438876,-77
1790360757.8836815,-77
1790360757.8864708,-77
1790360757.9292107,-72
1790360757.9320452,-72
1790360757.9749207,-72
1790360758.019622,-77
1790360758.022214,-77
1790360758.0638657,-77
1790360758.0666327,-77
1790360758.1085727,-77
1790360758.1112094,-77
1790360758.1537447,-75
1790360758.2441363,-69
1790360758.24741,-69
1790360758.2503395,-109
1790360758.2548745,-109
1790360758.2891722,-78
1790360758.2927487,-78
1790360758.3360574,-80
1790360758.378946,-80
1790360758.3816266,-74
1790360758.423455,-68
1790360758.426007,-68
1790360758.469571,-73
1790360758.4721377,-73
1790360758.5139065,-76
1790360758.5594497,-76
1790360758.562905,-76
1790360758.6050537,-74
1790360758.6105235,-74
1790360758.6497838,-69
1790360758.6527286,-69
1790360758.6939986,-70
1790360758.6989872,-70
1790360758.7401452,-73
1790360758.7835646,-75
1790360758.787442,-75
1790360758.8294356,-75
1790360758.8333962,-75
1790360758.8735337,-74
1790360758.8772545,-74
1790360758.9191613,-69
1790360758.9639168,-72
1790360758.9676762,-72
1790360759.0090075,-77
1790360759.0120647,-77
1790360759.054458,-78
1790360759.0577893,-78
1790360759.0987833,-74
1790360759.1441302,-68
1790360759.1476748,-68
1790360759.1894555,-71
1790360759.1922493,-71
1790360759.2349036,-76
1790360759.2379436,-76
1790360759.2784238,-76
1790360759.3234975,-76
1790360759.3280196,-74
1790360759.3699827,-70
1790360759.3725648,-70
1790360759.4149926,-70
1790360759.418115,-70
1790360759.504335,-75
1790360759.506381,-75
1790360759.5084567,-75
1790360759.5495627,-75
1790360759.5530062,-75
1790360759.5937076,-71
1790360759.5964937,-71
1790360759.6388838,-69
1790360759.64149,-69
1790360759.6836505,-74
1790360759.7310855,-76
1790360759.7336748,-76
1790360759.774594,-76
1790360759.7779849,-76
1790360759.8193305,-75
1790360759.8234107,-75
1790360759.9085557,-69
1790360759.9109087,-74
1790360759.9132934,-74
1790360759.9546618,-77
1790360759.9585764,-77
1790360760.0013475,-78
1790360760.0016909,-78
1790360760.0448875,-75
1790360760.0894718,-69
1790360760.0928195,-69
1790360760.1338713,-76
1790360760.1374507,-76
1790360760.180965,-76
1790360760.1835108,-76
1790360760.2236261,-76
1790360760.269843,-76
1790360760.273163,-74
1790360760.314079,-70
1790360760.317865,-70
1790360760.3597798,-72
1790360760.3633952,-72
1790360760.4039834,-73
1790360760.4486835,-73
1790360760.4528992,-76
1790360760.4936352,-74
1790360760.4960976,-74
1790360760.5399592,-75
1790360760.543819,-75
1790360760.5839028,-70
1790360760.5873694,-70
1790360760.6287937,-73
1790360760.6736605,-77
1790360760.676963,-77
1790360760.7188861,-75
1790360760.7221298,-75
1790360760.7646532,-73
1790360760.767348,-73
1790360760.8102686,-68
1790360760.8539708,-72
1790360760.8564641,-72
1790360760.89957,-76
1790360760.9023454,-76
1790360760.945199,-74
1790360760.9489882,-74
1790360760.9884768,-73
1790360761.0351825,-73
1790360761.0377252,-69
1790360761.0784855,-69
1790360761.0826306,-69
1790360761.1235867,-73
1790360761.1270428,-73
1790360761.1688118,-74
1790360761.2142594,-74
1790360761.2193687,-74
1790360761.2604537,-71
1790360761.2629654,-71
1790360761.3035064,-67
1790360761.306668,-67
1790360761.3485034,-72
1790360761.3532612,-72
1790360761.3961456,-75
1790360761.4385312,-75
1790360761.4414408,-75
1790360761.4838924,-71
1790360761.4867842,-71
1790360761.5291874,-68
1790360761.5324535,-68
1790360761.5736868,-71
1790360761.6190057,-74
1790360761.6216998,-74
1790360761.6649728,-76
1790360761.6679714,-76
1790360761.7100587,-73
1790360761.7135458,-73
1790360761.7538714,-68
1790360761.798763,-72
1790360761.802362,-72
1790360761.8443136,-74
1790360761.8504293,-74
1790360761.889494,-75
1790360761.8925421,-75
1790360761.9337249,-74
1790360761.9788673,-74
1790360761.9837432,-69
1790360762.0236375,-70
1790360762.0265052,-70
1790360762.069632,-74
1790360762.0726428,-74
1790360762.1142938,-76
1790360762.1610684,-76
1790360762.1630905,-74
1790360762.2100089,-75
1790360762.2101636,-75
1790360762.2499442,-70
1790360762.253428,-70
1790360762.2958288,-74
1790360762.2994933,-74
1790360762.3406103,-76
1790360762.384075,-76
1790360762.387268,-76
1790360762.4285676,-76
1790360762.4313452,-76
1790360762.474631,-70
1790360762.4770193,-70
1790360762.5188553,-75
1790360762.5646005,-78
1790360762.5690145,-78
1790360762.609337,-76
1790360762.6126988,-76
1790360762.659674,-76
1790360762.6617465,-76
1790360762.6994305,-70
1790360762.7439034,-74
1790360762.7474174,-74
1790360762.7884684,-77
1790360762.7910142,-77
1790360762.834764,-75
1790360762.837147,-75
1790360762.8784213,-76
1790360762.9234087,-76
1790360762.9284759,-71
1790360762.9686275,-71
1790360762.9719915,-71
1790360763.016054,-76
1790360763.0165827,-76
1790360763.0615258,-76
1790360763.1045334,-76
1790360763.1074605,-76
1790360763.149521,-74
1790360763.1534498,-74
1790360763.194292,-68
1790360763.1970978,-68
1790360763.2385159,-73
1790360763.2425148,-73
1790360763.2849298,-76
1790360763.3300087,-77
1790360763.3354936,-77
1790360763.3740237,-74
1790360763.3775105,-74
1790360763.4186082,-69
1790360763.4215276,-69
1790360763.4653685,-72
1790360763.511998,-74
1790360763.514895,-74
1790360763.553828,-75
1790360763.5574124,-75
1790360763.5985014,-73
1790360763.6014435,-73
1790360763.643555,-71
1790360763.68854,-68
1790360763.6912668,-68
1790360763.7339659,-72
1790360763.7371182,-72
1790360763.7788033,-76
1790360763.7819858,-76
1790360763.8235564,-74
1790360763.868487,-74
1790360763.8708577,-72
1790360763.9150586,-69
1790360763.9177442,-69
1790360763.9584072,-72
1790360763.9608672,-72
1790360764.0049477,-76
1790360764.0486453,-76
1790360764.0531,-77
1790360764.0939617,-74
1790360764.0978682,-74
1790360764.138849,-69
1790360764.1417542,-69
1790360764.1838706,-72
1790360764.1888602,-72
1790360764.2285464,-77
1790360764.2737012,-76
1790360764.2767944,-76
1790360764.3191206,-75
1790360764.3236969,-75
1790360764.3635218,-70
1790360764.3686113,-70
1790360764.4094963,-71
1790360764.4535456,-76
1790360764.4566212,-76
1790360764.49863,-75
1790360764.5024014,-75
1790360764.5451536,-76
1790360764.5487583,-76
1790360764.5885046,-70
1790360764.633799,-70
1790360764.6364937,-70
1790360764.6796265,-76
1790360764.6833375,-76
1790360764.723533,-76
1790360764.7274444,-76
1790360764.768951,-77
1790360764.814389,-77
1790360764.817792,-76
1790360764.8585253,-69
1790360764.8616447,-69
1790360764.9034674,-76
1790360764.9065225,-76
1790360764.9484782,-78
1790360764.993556,-78
1790360764.9976702,-80
1790360765.0385675,-75
1790360765.0419564,-75
1790360765.0856793,-69
1790360765.0864518,-69
1790360765.133266,-78
1790360765.1334217,-78
1790360765.1756556,-79
1790360765.2187967,-77
1790360765.221347,-77
1790360765.2637174,-76
1790360765.267062,-76
1790360765.3085053,-69
1790360765.3120496,-69
1790360765.3555765,-72
1790360765.3976157,-75
1790360765.4014156,-75
1790360765.4444544,-77
1790360765.448187,-77
1790360765.4887877,-76
1790360765.4918845,-76
1790360765.5339181,-76
1790360765.5787463,-70
1790360765.581689,-70
1790360765.62377,-75
1790360765.6266444,-75
1790360765.6685853,-78
1790360765.6712973,-78
1790360765.7148347,-77
1790360765.759005,-77
1790360765.761903,-76
1790360765.804463,-69
1790360765.8079975,-69
1790360765.8490877,-74
1790360765.8532856,-74
1790360765.8952463,-79
1790360765.9391944,-79
1790360765.9424715,-77
1790360765.9839723,-75
1790360765.987162,-75
1790360766.0287094,-69
1790360766.0329025,-69
1790360766.073848,-70
1790360766.0771022,-70
1790360766.1191707,-75
1790360766.1636624,-75
1790360766.1672044,-75
1790360766.2087986,-74
1790360766.2116969,-74
1790360766.2534893,-70
1790360766.2564843,-70
1790360766.2985406,-68
1790360766.3437564,-74
1790360766.3471289,-74
1790360766.3891537,-75
1790360766.3945444,-75
1790360766.4343433,-76
1790360766.437554,-76
1790360766.482315,-75
1790360766.5237043,-68
1790360766.527772,-68
1790360766.569511,-74
1790360766.5712576,-74
1790360766.6142988,-77
1790360766.616967,-77
1790360766.6590645,-79
1790360766.7034776,-79
1790360766.7055075,-75
1790360766.749797,-68
1790360766.7529001,-68
1790360766.792802,-75
1790360766.7959723,-75
1790360766.8838856,-78
1790360766.887065,-78
1790360766.890077,-78
1790360766.9306667,-74
1790360766.9337704,-74
1790360766.9743268,-69
1790360766.9808605,-69
1790360767.0185962,-71
1790360767.0215108,-71
1790360767.0633914,-76
1790360767.1085029,-75
1790360767.1114306,-75
1790360767.153503,-74
1790360767.1561682,-74
1790360767.199709,-75
1790360767.2029831,-75
1790360767.2441247,-71
1790360767.2895498,-76
1790360767.2930655,-76
1790360767.3785796,-77
1790360767.3812857,-77
1790360767.3841355,-113
1790360767.387035,-113
1790360767.4261177,-76
1790360767.4691262,-71
1790360767.4728835,-71
1790360767.5129807,-73
1790360767.5175881,-73
1790360767.5602064,-74
1790360767.5636418,-74
1790360767.6051855,-75
1790360767.6492949,-75
1790360767.651759,-74
1790360767.6945257,-70
1790360767.6990244,-70
1790360767.7388122,-72
1790360767.7425315,-72
1790360767.784968,-75
1790360767.82956,-75
1790360767.8332427,-74
1790360767.8771696,-74
1790360767.8780231,-74
1790360767.9188008,-71
1790360767.9215183,-71
1790360767.9635313,-71
1790360767.9663467,-71
1790360768.0086253,-77
1790360768.0534978,-78
1790360768.0556877,-78
1790360768.100301,-76
1790360768.1028752,-76
1790360768.1445563,-75
1790360768.1483586,-75
1790360768.1889796,-70
1790360768.234205,-73
1790360768.237277,-73
1790360768.2805316,-76
1790360768.2854235,-76
1790360768.324188,-77
1790360768.3281858,-77
1790360768.369442,-74
1790360768.412671,-74
1790360768.415589,-69
1790360768.5037196,-74
1790360768.5069597,-74
1790360768.5108614,-98
1790360768.5130386,-98
1790360768.5507488,-76
1790360768.6029274,-76
1790360768.603086,-75
1790360768.640669,-70
1790360768.6493099,-70
1790360768.684669,-72
1790360768.694894,-72
1790360768.7293723,-74
1790360768.7371209,-74
1790360768.7780735,-76
1790360768.8211997,-75
1790360768.8244982,-75
1790360768.8696706,-74
1790360768.871045,-74
1790360768.911392,-71
1790360768.9134686,-71
1790360768.9601686,-73
1790360769.0110729,-79
1790360769.0154529,-79
1790360769.0450745,-75
1790360769.0504415,-75
1790360769.0895293,-75
1790360769.0941813,-75
1790360769.1361165,-70
1790360769.1785252,-73
1790360769.1825302,-73
1790360769.2251642,-79
1790360769.228318,-79
1790360769.2685125,-76
1790360769.2708151,-76
1790360769.3145,-74
1790360769.3585198,-74
1790360769.3612044,-71
1790360769.4045722,-75
1790360769.4479153,-75
1790360769.4514267,-78
1790360769.4542763,-78
1790360769.494912,-76
1790360769.5387948,-76
1790360769.5422032,-76
1790360769.5854597,-71
1790360769.5883873,-71
1790360769.628847,-71
1790360769.6321294,-71
1790360769.6737983,-75
1790360769.6778877,-75
1790360769.720319,-76
1790360769.7635176,-74
1790360769.7667382,-74
1790360769.8091795,-74
1790360769.8128135,-74
1790360769.8525362,-70
1790360769.8558087,-70
1790360769.899104,-74
1790360769.9435377,-78
1790360769.9468744,-78
1790360770.043643,-77
1790360770.0464714,-77
1790360770.0489845,-74
1790360770.0514743,-74
1790360770.080092,-69
1790360770.1248384,-75
1790360770.1283474,-75
1790360770.1694202,-76
1790360770.172338,-76
1790360770.2148414,-75
1790360770.2180722,-75
1790360770.2590272,-74
1790360770.3034108,-74
1790360770.3050575,-70
1790360770.3485227,-72
1790360770.352882,-72
1790360770.3931994,-74
1790360770.3959036,-74
1790360770.4388723,-76
1790360770.48399,-76
1790360770.4869473,-74
1790360770.5279324,-75
1790360770.5311024,-75
1790360770.5735195,-70
1790360770.576945,-70
1790360770.618404,-73
1790360770.6214786,-73
1790360770.6633644,-76
1790360770.708393,-74
1790360770.7125888,-74
1790360770.7524097,-75
1790360770.7544284,-75
1790360770.7979982,-69
1790360770.8016531,-69
1790360770.8448126,-72
1790360770.888604,-77
1790360770.891906,-77
1790360770.9330876,-74
1790360770.9355748,-74
1790360771.002968,-73
1790360771.0060115,-73
1790360771.0270648,-70
1790360771.0676548,-72
1790360771.0697594,-72
1790360771.1127126,-75
1790360771.1166563,-75
1790360771.1579802,-73
1790360771.1618748,-73
1790360771.203379,-73
1790360771.248816,-73
1790360771.2521985,-70
1790360771.2924302,-71
1790360771.2956867,-71
1790360771.3376055,-75
1790360771.3410137,-75
1790360771.385126,-75
1790360771.4280055,-75
1790360771.430094,-73
1790360771.474591,-73
1790360771.4776328,-73
1790360771.517559,-69
1790360771.520412,-69
1790360771.5624342,-74
1790360771.5660243,-74
1790360771.6094992,-78
1790360771.652508,-76
1790360771.6554792,-76
1790360771.6999602,-74
1790360771.702824,-74
1790360771.7425585,-69
1790360771.7467954,-69
1790360771.7896876,-75
1790360771.8341289,-77
1790360771.8368845,-77
1790360771.877855,-75
1790360771.88015,-75
1790360771.9233768,-73
1790360771.9286747,-73
1790360771.9684434,-69
1790360772.012679,-73
1790360772.015634,-73
1790360772.059008,-74
1790360772.0635943,-74
1790360772.1025481,-75
1790360772.1055367,-75
1790360772.152703,-74
1790360772.1964562,-74
1790360772.1967638,-75
1790360772.2395217,-72
1790360772.2439024,-72
1790360772.2833343,-73
1790360772.2863114,-73
1790360772.3286076,-77
1790360772.3731253,-77
1790360772.3782475,-75
1790360772.4175642,-76
1790360772.420324,-76
